instance_id;exam
solving_time;0.6522574424743652
status;Optimal
total_cost;11.807099999999998
1;2;3;4;5;6;7
1.0;0.9;0.8;0.75;0.7;0.6;0.5
9;0;1;1;0;2;0
